{
  "DefaultFileUploader": "someboringnerd",
  "DefaultImageUploader": "someboringnerd",
  "DefaultUrlShortener": "someboringnerd",
  "XineramaHead": 0,
  "NotificationTime": 30,
  "NotifyUploading": true,
  "NotifyCommand": "",
  "ClipboardTime": 5,
  "SaveFolder": ".local/share/sharenix",
  "OrganizedFolders": false,

  "Services": [
    {
	"Name": "someboringnerd",
	"DestinationType": "ImageUploader, TextUploader, FileUploader",
	"RequestType": "POST",
	"RequestURL": "https://url.domain/upload.php",
	"FileFormName": "sharex",
	"Arguments": {
		"secret": "token"
	}
    }
  ]
}
